984218473546113032,2018-04-11 23:55:44,False,2,False,,RT @quermitdenker: And it¬¥s a wrap!  Earlier 2night participants of the  Mayors Forum on Urban Mobility travelled carbon-neutral from @BMZ_‚Ä¶,238130111,jpbrice
984215368079200256,2018-04-11 23:43:24,False,109,False,,RT @COP23: We need to get the message out loud and clear to the entire world about the absolute need to confront this crisis head on. - #CO‚Ä¶,476977329,nina_pullman
984213854518308864,2018-04-11 23:37:23,False,109,False,,RT @COP23: We need to get the message out loud and clear to the entire world about the absolute need to confront this crisis head on. - #CO‚Ä¶,3687962360,Malta_lavon
984212735406821376,2018-04-11 23:32:56,False,1,False,,RT @danielbatuwa: @SavingSurvivors @dodo @EleRhinoMarch @WildlifeMag @projectreduk @EarthTouch @SORAI2018 @KP24 @WildlifeAtRisk @WorldAnima‚Ä¶,4891614226,ttm0710
984195968714162176,2018-04-11 22:26:19,False,109,False,,RT @COP23: We need to get the message out loud and clear to the entire world about the absolute need to confront this crisis head on. - #CO‚Ä¶,763895399291641858,TagimauciaV
984193043946491904,2018-04-11 22:14:41,False,109,False,,RT @COP23: We need to get the message out loud and clear to the entire world about the absolute need to confront this crisis head on. - #CO‚Ä¶,148603995,VudaChick
984190235289403392,2018-04-11 22:03:32,False,109,False,,RT @COP23: We need to get the message out loud and clear to the entire world about the absolute need to confront this crisis head on. - #CO‚Ä¶,628314660,Sapna_Singh_
984173019764584448,2018-04-11 20:55:07,False,109,False,,RT @COP23: We need to get the message out loud and clear to the entire world about the absolute need to confront this crisis head on. - #CO‚Ä¶,1340110231,ElmoRLugo
984172923182252032,2018-04-11 20:54:44,False,109,False,,RT @COP23: We need to get the message out loud and clear to the entire world about the absolute need to confront this crisis head on. - #CO‚Ä¶,912263510704447488,AfricaMediaset
984172371149049856,2018-04-11 20:52:32,False,7,False,,RT @nordicfoodpol: What do honey and avocados have in common? Both might be lost due to unsustainable food consumption &amp; agricultural pract‚Ä¶,395232941,ElisabetSkylare
984171563321716736,2018-04-11 20:49:20,False,109,False,,RT @COP23: We need to get the message out loud and clear to the entire world about the absolute need to confront this crisis head on. - #CO‚Ä¶,17699965,Mavis_Amundson
984170096531836929,2018-04-11 20:43:30,False,2,False,,RT @WorldBankSAsia: Targeting #climate finance to ag is vital to ensure #foodsecurity in a changing climate: https://t.co/c3mtRtSROc #COP23‚Ä¶,2211192836,PunjabiRooh
984166380550402048,2018-04-11 20:28:44,False,3,False,,RT @danielbatuwa: @unitedwecreate @MubsJinjaCampus @roketelkomug @SafarisKE @nilehoteljinja @jinjacity @HealthFirst_HC @JinjaKiiraFest It's‚Ä¶,2294140352,nilehoteljinja
984164439938293761,2018-04-11 20:21:02,False,109,False,,RT @COP23: We need to get the message out loud and clear to the entire world about the absolute need to confront this crisis head on. - #CO‚Ä¶,2198279047,MddMacron
984159627951722497,2018-04-11 20:01:54,False,109,False,,RT @COP23: We need to get the message out loud and clear to the entire world about the absolute need to confront this crisis head on. - #CO‚Ä¶,2617148190,PackCO2lutions
984154859363553282,2018-04-11 19:42:57,False,4,False,,"RT @danielbatuwa: The joy i get when i am dealing with  #SDGs.

It's joy I can't put in words.

#COP24 #SDGs #SDG #GlobalGoals #SDG2030 #un‚Ä¶",769729549,robbytwayne
984153795977506817,2018-04-11 19:38:44,False,2,False,,RT @danielbatuwa: @PegKeiner @TeachSDGs @unachicago @GWAcademyChi This is a nice challenge. If I may say. Wish it would be replicated aroun‚Ä¶,287665720,abuzaidansari
984153596865531904,2018-04-11 19:37:56,False,1,False,,"RT @danielbatuwa: @TinctureLondon @1000yrsfromnow But if it's well planned then it can be used for the better

#PARISAGREEMENT #COP24 #SDGs‚Ä¶",287665720,abuzaidansari
984153596773195777,2018-04-11 19:37:56,False,2,False,,RT @danielbatuwa: Africa üåç is a strategically located continent. Best weather ‚òÄ üå• ‚òî all year round. Yet we keep sleeping and not minding ab‚Ä¶,287665720,abuzaidansari
984153596764803074,2018-04-11 19:37:56,False,2,False,,"RT @danielbatuwa: @kelly_clarkson Your music inspires many. Keep it coming please.. Let's never tire.

#COP24 #SDGs #SDG #GlobalGoals #SDG2‚Ä¶",287665720,abuzaidansari
984153258733301760,2018-04-11 19:36:36,False,3,False,,RT @danielbatuwa: Have you ever asked yourself. What happens to all these when their job is done?? Let's #Recycle ‚ôª these things so as to k‚Ä¶,287665720,abuzaidansari
984152909683146752,2018-04-11 19:35:13,False,109,False,,RT @COP23: We need to get the message out loud and clear to the entire world about the absolute need to confront this crisis head on. - #CO‚Ä¶,807552122443034624,Fyne77
984152709950595073,2018-04-11 19:34:25,False,4,False,,"RT @danielbatuwa: The joy i get when i am dealing with  #SDGs.

It's joy I can't put in words.

#COP24 #SDGs #SDG #GlobalGoals #SDG2030 #un‚Ä¶",2738951837,SDGoals
984152444924985345,2018-04-11 19:33:22,False,1,False,,"RT @danielbatuwa: New Jersey couple awarded $37 million in talcum powder case

Feels good when justice prevails.

#COP24 #SDGs #SDG #Global‚Ä¶",287665720,abuzaidansari
984152087184465920,2018-04-11 19:31:56,False,2,False,,"RT @danielbatuwa: When it comes to #SDGs, this is my verse

Ecclesiastes 9 :10

Let it guide us upon this path.

#COP24 #SDGs #SDG #GlobalG‚Ä¶",287665720,abuzaidansari
984151564746182656,2018-04-11 19:29:52,False,3,False,,RT @danielbatuwa: @unitedwecreate @MubsJinjaCampus @roketelkomug @SafarisKE @nilehoteljinja @jinjacity @HealthFirst_HC @JinjaKiiraFest It's‚Ä¶,287665720,abuzaidansari
984150434737721346,2018-04-11 19:25:22,False,4,False,,"RT @danielbatuwa: The joy i get when i am dealing with  #SDGs.

It's joy I can't put in words.

#COP24 #SDGs #SDG #GlobalGoals #SDG2030 #un‚Ä¶",3483325036,IRxCellent
984150218127048704,2018-04-11 19:24:31,False,4,False,,"RT @danielbatuwa: The joy i get when i am dealing with  #SDGs.

It's joy I can't put in words.

#COP24 #SDGs #SDG #GlobalGoals #SDG2030 #un‚Ä¶",287665720,abuzaidansari
984149876865978368,2018-04-11 19:23:09,False,8,False,,"RT @AnalytikaByCim: Using Analytika SaaS University #campus saves $1.2 million/annual #energy costs; 3,200 metric tons #CO2 &amp; improves buil‚Ä¶",2385510553,AnalytikaByCim
984149543225786368,2018-04-11 19:21:50,False,4,False,,"The joy i get when i am dealing with  #SDGs.

It's joy I can't put in words.

#COP24 #SDGs #SDG #GlobalGoals‚Ä¶ https://t.co/SQVIHx22CH",1350343548,danielbatuwa
984148559728488448,2018-04-11 19:17:55,False,109,False,,RT @COP23: We need to get the message out loud and clear to the entire world about the absolute need to confront this crisis head on. - #CO‚Ä¶,783758567438422018,NewFireMovie
984146092613881857,2018-04-11 19:08:07,False,109,False,,RT @COP23: We need to get the message out loud and clear to the entire world about the absolute need to confront this crisis head on. - #CO‚Ä¶,885110697251745792,resilienceINTEL
984144363415654400,2018-04-11 19:01:15,False,109,False,,RT @COP23: We need to get the message out loud and clear to the entire world about the absolute need to confront this crisis head on. - #CO‚Ä¶,3676853956,DutyToShelter
984142434794950656,2018-04-11 18:53:35,False,0,False,,Innovative #climatefinance always mentioned but when will it be explained? @CorinneLepage at post- #COP23 seminar i‚Ä¶ https://t.co/7y2iT412rU,538493927,EeroAilio
984142424439181313,2018-04-11 18:53:33,False,1,False,,This #energy transition information is what we need. Why isn't my government here? @MayorHonibery of Niger at post‚Ä¶ https://t.co/r9N63kP8WQ,538493927,EeroAilio
984141181213986818,2018-04-11 18:48:36,False,115,False,,RT @ClaudeTurmes: It's time to call the bluff: the EU #Renewables and #EnergyEfficiency targets are not Paris-compatible. More on this in m‚Ä¶,2180321058,AssisesIRVE
984138390168743937,2018-04-11 18:37:31,False,43,False,,RT @COP23: We are now at an almost constant level of threat from these extreme weather events - #COP23 President @FijiPM highlighting the n‚Ä¶,972488473583132672,StellaA81684993
984133790049026049,2018-04-11 18:19:14,False,109,False,,RT @COP23: We need to get the message out loud and clear to the entire world about the absolute need to confront this crisis head on. - #CO‚Ä¶,506946881,WahydAhmed
984133245917839360,2018-04-11 18:17:04,False,2,False,,RT @WorldBankSAsia: Targeting #climate finance to ag is vital to ensure #foodsecurity in a changing climate: https://t.co/c3mtRtSROc #COP23‚Ä¶,19810196,garam_cha
984131813055623180,2018-04-11 18:11:23,False,3,False,,RT @danielbatuwa: @unitedwecreate @MubsJinjaCampus @roketelkomug @SafarisKE @nilehoteljinja @jinjacity @HealthFirst_HC @JinjaKiiraFest It's‚Ä¶,796351413274165248,JinjaKiiraFest
984130279878070272,2018-04-11 18:05:17,False,2,False,,Targeting #climate finance to ag is vital to ensure #foodsecurity in a changing climate: https://t.co/c3mtRtSROc‚Ä¶ https://t.co/KN0bzmA06H,377026626,WorldBankSAsia
984125298722697219,2018-04-11 17:45:30,False,3,False,984082830824300544,@unitedwecreate @MubsJinjaCampus @roketelkomug @SafarisKE @nilehoteljinja @jinjacity @HealthFirst_HC‚Ä¶ https://t.co/o5ulZHOFCF,1350343548,danielbatuwa
984102587271204870,2018-04-11 16:15:15,False,7,False,,RT @nordicfoodpol: What do honey and avocados have in common? Both might be lost due to unsustainable food consumption &amp; agricultural pract‚Ä¶,1649266981,Steffanie_Scott
984097851386073088,2018-04-11 15:56:26,False,2,False,,"RT @danielbatuwa: @kelly_clarkson Your music inspires many. Keep it coming please.. Let's never tire.

#COP24 #SDGs #SDG #GlobalGoals #SDG2‚Ä¶",326916805,piusmitiUG
984093932714889216,2018-04-11 15:40:51,False,0,False,983962313114968065,"@ErikSolheim Question of the day is,

Where is the #Uganda government?? We have the sun ‚òÄ. Getting #SolarEnergy to‚Ä¶ https://t.co/yIPTeNTvJK",1350343548,danielbatuwa
984093777273946112,2018-04-11 15:40:14,False,0,False,,"#DanaDurnford .@DrDurnford #BanTokyo2020 #StopTokyo2020

‚ò¢3/11/11 *SOS* to Earthlings  https://t.co/JiC7heQXQP

11/‚Ä¶ https://t.co/SLLl3HiGfD",3130914869,LivingOnChi
984093068751073281,2018-04-11 15:37:25,False,109,False,,RT @COP23: We need to get the message out loud and clear to the entire world about the absolute need to confront this crisis head on. - #CO‚Ä¶,3066346388,PS8927
984085152325361665,2018-04-11 15:05:58,False,2,False,984071572620234753,"@kelly_clarkson Your music inspires many. Keep it coming please.. Let's never tire.

#COP24 #SDGs #SDG #GlobalGoals‚Ä¶ https://t.co/hc38cpjtue",1350343548,danielbatuwa
984084688166965248,2018-04-11 15:04:07,False,0,False,976858066674208768,"@RachelPlatten @charitywater Your music inspires many. Keep it coming.

#COP24 #SDGs #SDG #GlobalGoals #SDG2030 #un‚Ä¶ https://t.co/U5n83GHFTF",1350343548,danielbatuwa
984084121382252544,2018-04-11 15:01:52,False,31,False,,"RT @JvDorp: There is one reason - and one reason only - that I like #nuclear #energy.
It is the only energy technology known to man that ca‚Ä¶",1159930124,aldaelectrician
984072938365140997,2018-04-11 14:17:26,False,161,False,,RT @COP23: #COP23 looks forward to continuing conversations about climate change in the international community. Follow us to learn more.,954190661783179264,Oanh88832699
984064738870079489,2018-04-11 13:44:51,False,128,False,,RT @GlobalGoalsUN: We are in great danger of missing the 2 degree target. There is a sense of urgency to do more. - @antonioguterres at #CO‚Ä¶,984055193280139264,nikolajcw1
984064692317335553,2018-04-11 13:44:40,False,89,False,,"RT @UNDP: Sounding the alarm. Snow or surf, Earth is melting. Our Goodwill Ambassador @nikolajcw talks #climateaction: https://t.co/DE4dEcU‚Ä¶",984055193280139264,nikolajcw1
984064599434694656,2018-04-11 13:44:18,False,295,False,,RT @UNDP: #Cleanwater. Fresh air. This beautiful planet. Reasons for #ClimateAction. More from our Goodwill Ambassador @nikolajcw.  #COP23‚Ä¶,984055193280139264,nikolajcw1
984052974304587777,2018-04-11 12:58:06,False,0,False,984004874936471552,@SDGaction @UNBonn @UNFCCC @UniBonn @BonnGlobal @BMZ_Bund @GermanyDiplo @SDSN_Germany @UNSSCBONN @GlobalGoalsUN‚Ä¶ https://t.co/3jlc9TEwQo,1350343548,danielbatuwa
984052137775845377,2018-04-11 12:54:47,False,1,False,983967141916565504,"@TinctureLondon @1000yrsfromnow But if it's well planned then it can be used for the better

#PARISAGREEMENT #COP24‚Ä¶ https://t.co/20hCm3ejOR",1350343548,danielbatuwa
984049031977619456,2018-04-11 12:42:26,False,109,False,,RT @COP23: We need to get the message out loud and clear to the entire world about the absolute need to confront this crisis head on. - #CO‚Ä¶,93618680,overthefarmgate
984048666997555202,2018-04-11 12:40:59,False,109,False,,RT @COP23: We need to get the message out loud and clear to the entire world about the absolute need to confront this crisis head on. - #CO‚Ä¶,971928133413765120,ForkPod
984047459738451969,2018-04-11 12:36:11,False,109,False,,RT @COP23: We need to get the message out loud and clear to the entire world about the absolute need to confront this crisis head on. - #CO‚Ä¶,882590022,sahhoch3
984045738169483267,2018-04-11 12:29:21,False,109,False,,RT @COP23: We need to get the message out loud and clear to the entire world about the absolute need to confront this crisis head on. - #CO‚Ä¶,33856990,clairegummi
984043082353119232,2018-04-11 12:18:48,False,109,False,,RT @COP23: We need to get the message out loud and clear to the entire world about the absolute need to confront this crisis head on. - #CO‚Ä¶,132655771,choumde
984038398745825280,2018-04-11 12:00:11,False,109,False,,RT @COP23: We need to get the message out loud and clear to the entire world about the absolute need to confront this crisis head on. - #CO‚Ä¶,880488130171854848,StreamAIR_NUIG
984036145922215937,2018-04-11 11:51:14,False,109,False,,RT @COP23: We need to get the message out loud and clear to the entire world about the absolute need to confront this crisis head on. - #CO‚Ä¶,3121366077,jGuidoM_twit
984035769428987905,2018-04-11 11:49:44,False,109,False,,RT @COP23: We need to get the message out loud and clear to the entire world about the absolute need to confront this crisis head on. - #CO‚Ä¶,1527908058,KlausKaumanns
984033022608490501,2018-04-11 11:38:49,False,24,False,,"RT @ClimateGuardia: BBC News - Big increase in Antarctic snowfall (‚ÄúHowever, this mitigation (of sea level rise) is still swamped by the co‚Ä¶",46866563,beewt
984027450362429441,2018-04-11 11:16:41,False,1,False,,"RT @parikshit14: Parikshit- Environment: Green Team https://t.co/MbQrRTWM69

#UNFCCC #ClimateAction #climatechange #COP23 #cleanenergy",221385814,parikshit14
984023060058705921,2018-04-11 10:59:14,False,109,False,,RT @COP23: We need to get the message out loud and clear to the entire world about the absolute need to confront this crisis head on. - #CO‚Ä¶,1724273864,brandoschwartzy
984020966740242432,2018-04-11 10:50:55,False,109,False,,RT @COP23: We need to get the message out loud and clear to the entire world about the absolute need to confront this crisis head on. - #CO‚Ä¶,466378734,JCurrNZ
984019828389408769,2018-04-11 10:46:23,False,0,False,,#Cyberwarfare Has #Electric Grid as Prime Target - #climate #Security #sustainability #ÿ±ŸàŸÖÿß_ÿ®ÿ±ÿ¥ŸÑŸàŸÜÿ©‚Ä¶ https://t.co/8j92pCYGMU,121156279,ssgovforum
984008490908778497,2018-04-11 10:01:20,False,14,False,,RT @AgroNatureNig: That very effort to tackling #Poverty #Malnutrition start from hereüëá#SDGs #EndPoverty #AgribusinessTalk254 #COP23 #ZeroH‚Ä¶,40955185,OlumideIDOWU
984005162388860929,2018-04-11 09:48:07,False,109,False,,RT @COP23: We need to get the message out loud and clear to the entire world about the absolute need to confront this crisis head on. - #CO‚Ä¶,81265981,anuwRF
984004643075383297,2018-04-11 09:46:03,False,109,False,,RT @COP23: We need to get the message out loud and clear to the entire world about the absolute need to confront this crisis head on. - #CO‚Ä¶,915570019303612416,AlidriaStephen
984003338625798151,2018-04-11 09:40:52,False,109,False,,RT @COP23: We need to get the message out loud and clear to the entire world about the absolute need to confront this crisis head on. - #CO‚Ä¶,535264106,ReinhardKlophau
984002373235470336,2018-04-11 09:37:02,False,109,False,,RT @COP23: We need to get the message out loud and clear to the entire world about the absolute need to confront this crisis head on. - #CO‚Ä¶,2746130964,SchoolCO2lution
984000742989189120,2018-04-11 09:30:33,False,109,False,,RT @COP23: We need to get the message out loud and clear to the entire world about the absolute need to confront this crisis head on. - #CO‚Ä¶,897827900946337792,DutyToRespond
983997309812985857,2018-04-11 09:16:55,False,109,False,,RT @COP23: We need to get the message out loud and clear to the entire world about the absolute need to confront this crisis head on. - #CO‚Ä¶,982171010534227968,bccimedia
983995913352990721,2018-04-11 09:11:22,False,4,False,,RT @sharonjfiji: Climate change is already destroying us. Our beautiful land is under water #cop23 #ClimateChange https://t.co/0WgacHbUzl,238448282,KingKongBlues
983994324823236608,2018-04-11 09:05:03,False,109,False,,RT @COP23: We need to get the message out loud and clear to the entire world about the absolute need to confront this crisis head on. - #CO‚Ä¶,863233452522389504,SaudMinam
983994228563955713,2018-04-11 09:04:40,False,4,False,,RT @sharonjfiji: Climate change is already destroying us. Our beautiful land is under water #cop23 #ClimateChange https://t.co/0WgacHbUzl,2485308468,NoAdaniOz
983993727894028288,2018-04-11 09:02:41,False,1,False,,"New Jersey couple awarded $37 million in talcum powder case

Feels good when justice prevails.

#COP24 #SDGs #SDG‚Ä¶ https://t.co/a8TIKuZljI",1350343548,danielbatuwa
983993176175374336,2018-04-11 09:00:29,False,109,False,,RT @COP23: We need to get the message out loud and clear to the entire world about the absolute need to confront this crisis head on. - #CO‚Ä¶,15053908,ruthdujour
983992538297196544,2018-04-11 08:57:57,False,109,False,,RT @COP23: We need to get the message out loud and clear to the entire world about the absolute need to confront this crisis head on. - #CO‚Ä¶,545972567,RnfrstAll_DE
983991861441417216,2018-04-11 08:55:16,False,4,False,,RT @sharonjfiji: Climate change is already destroying us. Our beautiful land is under water #cop23 #ClimateChange https://t.co/0WgacHbUzl,1306197774,JohnLocker4
983991494699831296,2018-04-11 08:53:48,False,4,False,,RT @sharonjfiji: Climate change is already destroying us. Our beautiful land is under water #cop23 #ClimateChange https://t.co/0WgacHbUzl,1410244813,lagiseru
983991392652484609,2018-04-11 08:53:24,False,4,False,,Climate change is already destroying us. Our beautiful land is under water #cop23 #ClimateChange https://t.co/0WgacHbUzl,2314642346,sharonjfiji
983991353435676673,2018-04-11 08:53:14,False,7,False,,RT @nordicfoodpol: What do honey and avocados have in common? Both might be lost due to unsustainable food consumption &amp; agricultural pract‚Ä¶,834811424572579842,TastingIndia
983990109791023106,2018-04-11 08:48:18,False,109,False,,RT @COP23: We need to get the message out loud and clear to the entire world about the absolute need to confront this crisis head on. - #CO‚Ä¶,294507898,jmc2006
983988969766612992,2018-04-11 08:43:46,False,0,False,983331503944892416,@JackDavies____ We need to keep telling these to strangers. Until there comes a time when we all know these goals.‚Ä¶ https://t.co/qzBtQxzyXY,1350343548,danielbatuwa
983980900731031552,2018-04-11 08:11:42,False,0,False,981234645420396544,@PlanktonPundit And plastic is going to deny our children and our children's children the opportunity to view such‚Ä¶ https://t.co/Ii5vZiksxZ,1350343548,danielbatuwa
983980069558288384,2018-04-11 08:08:24,False,0,False,983979350201683969,"@LeskijarviKaisa This i agree with you üíØ %we need to change things and how they operate.

#COP24 #SDGs #SDG‚Ä¶ https://t.co/v7qPqDYUQA",1350343548,danielbatuwa
983979541193424896,2018-04-11 08:06:18,False,0,False,983977571619627013,"@LeskijarviKaisa We should talk more by mail. This is what I have been looking for

#COP24 #SDGs #SDG #GlobalGoals‚Ä¶ https://t.co/Z8DlsSFHSq",1350343548,danielbatuwa
983977796841156608,2018-04-11 07:59:22,False,109,False,,RT @COP23: We need to get the message out loud and clear to the entire world about the absolute need to confront this crisis head on. - #CO‚Ä¶,3014401334,So_Fiji
983975737085407232,2018-04-11 07:51:11,False,109,False,,RT @COP23: We need to get the message out loud and clear to the entire world about the absolute need to confront this crisis head on. - #CO‚Ä¶,766754756765192192,hdot42
983975583737663488,2018-04-11 07:50:35,False,0,False,,"Retweeted COP23 (@COP23):

We need to get the message out loud and clear to the entire world about the absolute nee‚Ä¶ https://t.co/WosJ5anypX",163748950,portiajessene
983975546295083010,2018-04-11 07:50:26,False,109,False,,RT @COP23: We need to get the message out loud and clear to the entire world about the absolute need to confront this crisis head on. - #CO‚Ä¶,163748950,portiajessene
983973173992607744,2018-04-11 07:41:00,False,109,False,,RT @COP23: We need to get the message out loud and clear to the entire world about the absolute need to confront this crisis head on. - #CO‚Ä¶,1120353373,hazelalice7
983972793229430784,2018-04-11 07:39:29,False,109,False,,RT @COP23: We need to get the message out loud and clear to the entire world about the absolute need to confront this crisis head on. - #CO‚Ä¶,43898878,ISeiferheld
983972081019838464,2018-04-11 07:36:40,False,109,False,,RT @COP23: We need to get the message out loud and clear to the entire world about the absolute need to confront this crisis head on. - #CO‚Ä¶,17421752,john_hunter
983969956848197632,2018-04-11 07:28:13,False,109,False,,RT @COP23: We need to get the message out loud and clear to the entire world about the absolute need to confront this crisis head on. - #CO‚Ä¶,85991497,Gabapunk
983965642368868352,2018-04-11 07:11:04,False,109,False,,RT @COP23: We need to get the message out loud and clear to the entire world about the absolute need to confront this crisis head on. - #CO‚Ä¶,965340374645354496,ElsaPullman
983962444027621376,2018-04-11 06:58:22,False,109,False,,RT @COP23: We need to get the message out loud and clear to the entire world about the absolute need to confront this crisis head on. - #CO‚Ä¶,863772402194542592,SusanDellet4
983962244194058241,2018-04-11 06:57:34,False,109,False,,RT @COP23: We need to get the message out loud and clear to the entire world about the absolute need to confront this crisis head on. - #CO‚Ä¶,980294240579207168,kalla_alok
983960910019616773,2018-04-11 06:52:16,False,109,False,,RT @COP23: We need to get the message out loud and clear to the entire world about the absolute need to confront this crisis head on. - #CO‚Ä¶,831122257573449728,PactoalcaldesMu
983960563515576320,2018-04-11 06:50:54,False,109,False,,RT @COP23: We need to get the message out loud and clear to the entire world about the absolute need to confront this crisis head on. - #CO‚Ä¶,561070834,ClimateBonds
983960429906006016,2018-04-11 06:50:22,False,109,False,,RT @COP23: We need to get the message out loud and clear to the entire world about the absolute need to confront this crisis head on. - #CO‚Ä¶,869660597901811713,4seaclimate
983959792099065856,2018-04-11 06:47:50,False,109,False,,RT @COP23: We need to get the message out loud and clear to the entire world about the absolute need to confront this crisis head on. - #CO‚Ä¶,2831167424,danitok05
983959381229289472,2018-04-11 06:46:12,False,109,False,,RT @COP23: We need to get the message out loud and clear to the entire world about the absolute need to confront this crisis head on. - #CO‚Ä¶,786719830455889920,CecilyTufui
983958169897656320,2018-04-11 06:41:23,False,109,False,,RT @COP23: We need to get the message out loud and clear to the entire world about the absolute need to confront this crisis head on. - #CO‚Ä¶,1082802421,calendula46
983956811739901952,2018-04-11 06:35:59,False,109,False,,RT @COP23: We need to get the message out loud and clear to the entire world about the absolute need to confront this crisis head on. - #CO‚Ä¶,710924185053204480,rob_nasau
983956580344516609,2018-04-11 06:35:04,False,109,False,,RT @COP23: We need to get the message out loud and clear to the entire world about the absolute need to confront this crisis head on. - #CO‚Ä¶,4819188701,ffapob
983955593596686336,2018-04-11 06:31:09,False,109,False,,RT @COP23: We need to get the message out loud and clear to the entire world about the absolute need to confront this crisis head on. - #CO‚Ä¶,821030105896062976,SusanBi40011903
983955232790106112,2018-04-11 06:29:43,False,109,False,,RT @COP23: We need to get the message out loud and clear to the entire world about the absolute need to confront this crisis head on. - #CO‚Ä¶,927076961503076352,NWP_UNFCCC
983955063537389568,2018-04-11 06:29:02,False,1,False,,RT @MmeIngeborg: Remember #COP23 last November? https://t.co/rXZ53D1ENi,4675310772,crawhall7
983954133454475269,2018-04-11 06:25:21,False,109,False,,RT @COP23: We need to get the message out loud and clear to the entire world about the absolute need to confront this crisis head on. - #CO‚Ä¶,86810384,kfkeys
983953400093118464,2018-04-11 06:22:26,False,109,False,,RT @COP23: We need to get the message out loud and clear to the entire world about the absolute need to confront this crisis head on. - #CO‚Ä¶,1186301545,patrickdewals1
983950130524119040,2018-04-11 06:09:26,False,2,False,,RT @danielbatuwa: @UNEnvironmentEu @ErikSolheim @UNGeneva @ungreeneconomy @ren21 @WondyAK @DusikJan @REWorld The #Environment s wellbeing s‚Ä¶,977333819262013440,Ebafosa_rwanda
983948450331938816,2018-04-11 06:02:46,False,109,False,,RT @COP23: We need to get the message out loud and clear to the entire world about the absolute need to confront this crisis head on. - #CO‚Ä¶,3056375303,NaasihaaD
983944261786853382,2018-04-11 05:46:07,False,2,False,,RT @danielbatuwa: @UNEnvironmentEu @ErikSolheim @UNGeneva @ungreeneconomy @ren21 @WondyAK @DusikJan @REWorld The #Environment s wellbeing s‚Ä¶,1372641625,RichardMunang
983943753651113984,2018-04-11 05:44:06,False,6,False,,RT @ssgovforum: https://t.co/sF40x0sjQQ Register for SSF's Mailing List on #climate #Security #Sustainability #SolarPower #sustainable #Ren‚Ä¶,766179074100326400,SupplyChainsUK
983937630810193920,2018-04-11 05:19:46,False,109,False,,RT @COP23: We need to get the message out loud and clear to the entire world about the absolute need to confront this crisis head on. - #CO‚Ä¶,34888798,ShaenazVossFiji
983935534811746304,2018-04-11 05:11:26,False,109,False,,RT @COP23: We need to get the message out loud and clear to the entire world about the absolute need to confront this crisis head on. - #CO‚Ä¶,225143960,NVJRobins1
983933880498577408,2018-04-11 05:04:52,False,109,False,,RT @COP23: We need to get the message out loud and clear to the entire world about the absolute need to confront this crisis head on. - #CO‚Ä¶,87776695,GuvenErkaslan
983933713393348608,2018-04-11 05:04:12,False,109,False,,RT @COP23: We need to get the message out loud and clear to the entire world about the absolute need to confront this crisis head on. - #CO‚Ä¶,1296055171,butterflytongue
983931489900314625,2018-04-11 04:55:22,False,0,False,983895799330324481,@katinacurtis I accosted @joshFrydenberg at a #COP23 coffee cart in Bonn last November to give him a‚Ä¶ https://t.co/iCmR1ddCVS,30644410,takvera
983931393364373504,2018-04-11 04:54:59,False,109,False,,RT @COP23: We need to get the message out loud and clear to the entire world about the absolute need to confront this crisis head on. - #CO‚Ä¶,2432298782,alpha1malegroom
983930820070133761,2018-04-11 04:52:42,False,109,False,,RT @COP23: We need to get the message out loud and clear to the entire world about the absolute need to confront this crisis head on. - #CO‚Ä¶,487430439,SSEinitiative
983928099057340416,2018-04-11 04:41:53,False,109,False,,RT @COP23: We need to get the message out loud and clear to the entire world about the absolute need to confront this crisis head on. - #CO‚Ä¶,1117675298,ditisbruf
983926649065431040,2018-04-11 04:36:08,False,109,False,,RT @COP23: We need to get the message out loud and clear to the entire world about the absolute need to confront this crisis head on. - #CO‚Ä¶,340174873,JeffreyGQi
983925714180235265,2018-04-11 04:32:25,False,109,False,,RT @COP23: We need to get the message out loud and clear to the entire world about the absolute need to confront this crisis head on. - #CO‚Ä¶,93839781,haseebHaSeEbN
983924283029286912,2018-04-11 04:26:44,False,109,False,,RT @COP23: We need to get the message out loud and clear to the entire world about the absolute need to confront this crisis head on. - #CO‚Ä¶,700560594240278528,OmidRoi
983921655113138181,2018-04-11 04:16:17,False,118,False,,"RT @AndyOz2: Good News Everyone:
Arctic #climate is incredibly cold &amp; sea ice is rapidly expanding. Exactly opposite to what carpetbaggers‚Ä¶",1895778721,JamesMatkin
983920664200523776,2018-04-11 04:12:21,False,109,False,,RT @COP23: We need to get the message out loud and clear to the entire world about the absolute need to confront this crisis head on. - #CO‚Ä¶,732976828009353216,Deacon6353
983920297941270529,2018-04-11 04:10:54,False,1,False,,Remember #COP23 last November? https://t.co/rXZ53D1ENi,3117838067,MmeIngeborg
983920042168352775,2018-04-11 04:09:53,False,109,False,,RT @COP23: We need to get the message out loud and clear to the entire world about the absolute need to confront this crisis head on. - #CO‚Ä¶,327246006,MarianSmedley
983919649585741829,2018-04-11 04:08:19,False,109,False,,RT @COP23: We need to get the message out loud and clear to the entire world about the absolute need to confront this crisis head on. - #CO‚Ä¶,881061357730185217,ryan_enviro001
983919041487175681,2018-04-11 04:05:54,False,109,False,,RT @COP23: We need to get the message out loud and clear to the entire world about the absolute need to confront this crisis head on. - #CO‚Ä¶,1614315528,reverendlawl
983918682844823552,2018-04-11 04:04:28,False,109,False,,RT @COP23: We need to get the message out loud and clear to the entire world about the absolute need to confront this crisis head on. - #CO‚Ä¶,2291196909,Team4Nature300
983918197245001728,2018-04-11 04:02:33,False,24,False,,"RT @ClimateGuardia: BBC News - Big increase in Antarctic snowfall (‚ÄúHowever, this mitigation (of sea level rise) is still swamped by the co‚Ä¶",116385459,DeboraheHart
983917284082233344,2018-04-11 03:58:55,False,109,False,,RT @COP23: We need to get the message out loud and clear to the entire world about the absolute need to confront this crisis head on. - #CO‚Ä¶,827049736108724224,JmichelFoundatn
983917247646326784,2018-04-11 03:58:46,False,2,False,,"RT @danielbatuwa: @davour23 @CricketUganda @ICC @PeterDellaPenna The best we can do is to pass on the morale to the generations to come.

#‚Ä¶",357567478,DavidPaxchard
983917044709048321,2018-04-11 03:57:58,False,109,False,,RT @COP23: We need to get the message out loud and clear to the entire world about the absolute need to confront this crisis head on. - #CO‚Ä¶,72830655,alishoda
983911792601640963,2018-04-11 03:37:06,False,109,False,,RT @COP23: We need to get the message out loud and clear to the entire world about the absolute need to confront this crisis head on. - #CO‚Ä¶,454957381,Iykepfs
983911586736869376,2018-04-11 03:36:17,False,109,False,,RT @COP23: We need to get the message out loud and clear to the entire world about the absolute need to confront this crisis head on. - #CO‚Ä¶,856211954,AmalieCordes
983909882217689088,2018-04-11 03:29:30,False,109,False,,RT @COP23: We need to get the message out loud and clear to the entire world about the absolute need to confront this crisis head on. - #CO‚Ä¶,768346360412184576,FijiCGSYD
983908585317875713,2018-04-11 03:24:21,False,24,False,,"RT @ClimateGuardia: BBC News - Big increase in Antarctic snowfall (‚ÄúHowever, this mitigation (of sea level rise) is still swamped by the co‚Ä¶",389918989,wergshy
983908336256016385,2018-04-11 03:23:22,False,2,False,,"RT @CCMofa_Japan: #COP24 will be convened in December 2018 in Katowice, #Poland.üáµüá± Let's check the overview of #COP23 held in #Germany üá©üá™ o‚Ä¶",2188654916,defined_un_sort
983907914220879873,2018-04-11 03:21:41,False,109,False,,RT @COP23: We need to get the message out loud and clear to the entire world about the absolute need to confront this crisis head on. - #CO‚Ä¶,797147492106272772,MonterioJulio
983905148597567488,2018-04-11 03:10:42,False,109,False,,RT @COP23: We need to get the message out loud and clear to the entire world about the absolute need to confront this crisis head on. - #CO‚Ä¶,841362265,jaiminbhatt11
983902222755835905,2018-04-11 02:59:04,False,109,False,,RT @COP23: We need to get the message out loud and clear to the entire world about the absolute need to confront this crisis head on. - #CO‚Ä¶,24348876,ClimateAdapt
983900290515722240,2018-04-11 02:51:23,False,109,False,,RT @COP23: We need to get the message out loud and clear to the entire world about the absolute need to confront this crisis head on. - #CO‚Ä¶,899755136691703809,fekita_u
983899289788203013,2018-04-11 02:47:25,False,109,False,,RT @COP23: We need to get the message out loud and clear to the entire world about the absolute need to confront this crisis head on. - #CO‚Ä¶,1147018069,scottfree414
983895566982701057,2018-04-11 02:32:37,False,109,False,,RT @COP23: We need to get the message out loud and clear to the entire world about the absolute need to confront this crisis head on. - #CO‚Ä¶,880029453258117120,SemiKoroilaves1
983893232777027584,2018-04-11 02:23:21,False,109,False,,RT @COP23: We need to get the message out loud and clear to the entire world about the absolute need to confront this crisis head on. - #CO‚Ä¶,769007445481926656,AliaunePhilip
983890149821026304,2018-04-11 02:11:06,False,109,False,,RT @COP23: We need to get the message out loud and clear to the entire world about the absolute need to confront this crisis head on. - #CO‚Ä¶,982648381389582337,Acefootballle18
983885825439141889,2018-04-11 01:53:55,False,109,False,,RT @COP23: We need to get the message out loud and clear to the entire world about the absolute need to confront this crisis head on. - #CO‚Ä¶,184385983,RalienBekkers
983885713786617856,2018-04-11 01:53:28,False,109,False,,RT @COP23: We need to get the message out loud and clear to the entire world about the absolute need to confront this crisis head on. - #CO‚Ä¶,120364576,inccrown
983885601790279680,2018-04-11 01:53:01,False,109,False,,RT @COP23: We need to get the message out loud and clear to the entire world about the absolute need to confront this crisis head on. - #CO‚Ä¶,340049140,oscarguevara5
983884878004580352,2018-04-11 01:50:09,False,109,False,,RT @COP23: We need to get the message out loud and clear to the entire world about the absolute need to confront this crisis head on. - #CO‚Ä¶,759387036834930689,BruceStiftel
983883161535823872,2018-04-11 01:43:20,False,109,False,,RT @COP23: We need to get the message out loud and clear to the entire world about the absolute need to confront this crisis head on. - #CO‚Ä¶,395425451,FijiPM
983882107717120001,2018-04-11 01:39:08,False,109,False,,RT @COP23: We need to get the message out loud and clear to the entire world about the absolute need to confront this crisis head on. - #CO‚Ä¶,2498871378,greenbeltsal
983879010928259073,2018-04-11 01:26:50,False,109,False,,RT @COP23: We need to get the message out loud and clear to the entire world about the absolute need to confront this crisis head on. - #CO‚Ä¶,4659660078,mari_sanchez01
983876747862032384,2018-04-11 01:17:50,False,2,False,,"RT @CCMofa_Japan: #COP24 will be convened in December 2018 in Katowice, #Poland.üáµüá± Let's check the overview of #COP23 held in #Germany üá©üá™ o‚Ä¶",912412599186100224,OECC_Japan
983876586263859200,2018-04-11 01:17:12,False,109,False,,RT @COP23: We need to get the message out loud and clear to the entire world about the absolute need to confront this crisis head on. - #CO‚Ä¶,912412599186100224,OECC_Japan
983876435881406466,2018-04-11 01:16:36,False,109,False,,RT @COP23: We need to get the message out loud and clear to the entire world about the absolute need to confront this crisis head on. - #CO‚Ä¶,49938002,chiranjeebghosh
983876133836984320,2018-04-11 01:15:24,False,109,False,,RT @COP23: We need to get the message out loud and clear to the entire world about the absolute need to confront this crisis head on. - #CO‚Ä¶,3242274197,bbello22
983874416864931842,2018-04-11 01:08:35,False,109,False,,RT @COP23: We need to get the message out loud and clear to the entire world about the absolute need to confront this crisis head on. - #CO‚Ä¶,1687443698,annetteharidan
983874365174378496,2018-04-11 01:08:22,False,109,False,,RT @COP23: We need to get the message out loud and clear to the entire world about the absolute need to confront this crisis head on. - #CO‚Ä¶,973331149010292737,RTikoitoga
983873540083593216,2018-04-11 01:05:06,False,109,False,,RT @COP23: We need to get the message out loud and clear to the entire world about the absolute need to confront this crisis head on. - #CO‚Ä¶,57333757,benamoah01
983872757950595072,2018-04-11 01:01:59,False,109,False,,RT @COP23: We need to get the message out loud and clear to the entire world about the absolute need to confront this crisis head on. - #CO‚Ä¶,40955185,OlumideIDOWU
983872736316407809,2018-04-11 01:01:54,False,109,False,,RT @COP23: We need to get the message out loud and clear to the entire world about the absolute need to confront this crisis head on. - #CO‚Ä¶,1343645053,ClimateWed
983872592921608192,2018-04-11 01:01:20,False,109,False,,RT @COP23: We need to get the message out loud and clear to the entire world about the absolute need to confront this crisis head on. - #CO‚Ä¶,896645683943317504,DtStow
983872381314895872,2018-04-11 01:00:29,False,109,False,,We need to get the message out loud and clear to the entire world about the absolute need to confront this crisis h‚Ä¶ https://t.co/k0fuD7pwNr,829709881041117185,COP23
983858837206720512,2018-04-11 00:06:40,False,7,False,,RT @nordicfoodpol: What do honey and avocados have in common? Both might be lost due to unsustainable food consumption &amp; agricultural pract‚Ä¶,827768222,EllenGoddard1
983857361860243457,2018-04-11 00:00:48,False,2,False,,"#COP24 will be convened in December 2018 in Katowice, #Poland.üáµüá± Let's check the overview of #COP23 held in‚Ä¶ https://t.co/afA4u64y7g",420704981,CCMofa_Japan
